,ADAUSDT,BNBUSDT,BTCUSDT,DOGEUSDT,ETHUSDT,SOLUSDT,TRXUSDT,XRPUSDT
ADAUSDT,1.0,0.5639477705918434,0.6571188272177027,0.2898052658621623,0.6836990751609193,0.5523588023863172,0.5542897595146583,0.5620044154617138
BNBUSDT,0.5639477705918434,1.0,0.6361234781804607,0.20377309470529195,0.6413919955208237,0.5485125090743163,0.5395619304851678,0.48851260628907994
BTCUSDT,0.6571188272177027,0.6361234781804607,1.0,0.3427878802576953,0.8137371797555842,0.5759175737774884,0.5908739634993548,0.553297092362155
DOGEUSDT,0.2898052658621623,0.20377309470529195,0.3427878802576953,1.0,0.30650594847689444,0.20752152957202558,0.2381309133685833,0.19949582404102992
ETHUSDT,0.6836990751609193,0.6413919955208237,0.8137371797555842,0.30650594847689444,1.0,0.624322693435394,0.6001856309240686,0.5608404591933096
SOLUSDT,0.5523588023863172,0.5485125090743163,0.5759175737774884,0.20752152957202558,0.624322693435394,1.0,0.43609156001379484,0.4575316397615354
TRXUSDT,0.5542897595146583,0.5395619304851678,0.5908739634993548,0.2381309133685833,0.6001856309240686,0.43609156001379484,1.0,0.5311380883001238
XRPUSDT,0.5620044154617138,0.48851260628907994,0.553297092362155,0.19949582404102992,0.5608404591933096,0.4575316397615354,0.5311380883001238,1.0
