,ADAUSDT,BNBUSDT,BTCUSDT,DOGEUSDT,ETHUSDT,SOLUSDT,TRXUSDT,XRPUSDT
ADAUSDT,1.0,0.6475515283050499,0.6864797406445075,0.43465748033237733,0.7239576960409747,0.6213821341540715,0.5508746189424445,0.6298109387309521
BNBUSDT,0.6475515283050499,1.0,0.7038328978328955,0.3895410645184825,0.7315548787972461,0.5956450341722559,0.5707286938170671,0.5699178468384041
BTCUSDT,0.6864797406445075,0.7038328978328955,1.0,0.4779568587959155,0.8401896187095845,0.6404623592711596,0.5554428055666937,0.5950122143138722
DOGEUSDT,0.43465748033237733,0.3895410645184825,0.4779568587959155,1.0,0.46497650666654594,0.38651675159936105,0.355173535821273,0.37065271443750913
ETHUSDT,0.7239576960409747,0.7315548787972461,0.8401896187095845,0.46497650666654594,1.0,0.6783003525217814,0.5725795389105764,0.615305253722122
SOLUSDT,0.6213821341540715,0.5956450341722559,0.6404623592711596,0.38651675159936105,0.6783003525217814,1.0,0.46848849828683453,0.5104529906216833
TRXUSDT,0.5508746189424445,0.5707286938170671,0.5554428055666937,0.355173535821273,0.5725795389105764,0.46848849828683453,1.0,0.5329484245853658
XRPUSDT,0.6298109387309521,0.5699178468384041,0.5950122143138722,0.37065271443750913,0.615305253722122,0.5104529906216833,0.5329484245853658,1.0
